[
  {"id": 1, "name_ko": "김치찌개", "name_en": "Kimchi Stew", "color_category": "Red", "type": "Dish", "desc": "얼큰하고 진한 한국의 대표 찌개"},
  {"id": 2, "name_ko": "된장찌개", "name_en": "Soybean Paste Stew", "color_category": "Brown", "type": "Dish", "desc": "구수하고 건강한 한국 전통 찌개"},
  {"id": 3, "name_ko": "삼겹살", "name_en": "Grilled Pork Belly", "color_category": "Pink", "type": "Dish", "desc": "즙이 많은 구이의 대명사"},
  {"id": 4, "name_ko": "불고기", "name_en": "Bulgogi", "color_category": "Brown", "type": "Dish", "desc": "달콤하고 짭짤한 한국식 구이"},
  {"id": 5, "name_ko": "비빔밥", "name_en": "Bibimbap", "color_category": "Multi", "type": "Dish", "desc": "다채로운 재료가 어우러진 건강식"},
  {"id": 6, "name_ko": "제육볶음", "name_en": "Spicy Pork Stir-fry", "color_category": "Red", "type": "Dish", "desc": "매콤달콤한 돼지고기 볶음"},
  {"id": 7, "name_ko": "김밥", "name_en": "Gimbap", "color_category": "Black", "type": "Dish", "desc": "간편하고 맛있는 한국식 롤"},
  {"id": 8, "name_ko": "순두부찌개", "name_en": "Soft Tofu Stew", "color_category": "Red", "type": "Dish", "desc": "부드러운 순두부가 들어간 찌개"},
  {"id": 9, "name_ko": "갈비탕", "name_en": "Short Rib Soup", "color_category": "White", "type": "Dish", "desc": "진하고 깊은 맛의 갈비 국물"},
  {"id": 10, "name_ko": "삼계탕", "name_en": "Ginseng Chicken Soup", "color_category": "White", "type": "Dish", "desc": "보양식의 대명사"},
  {"id": 11, "name_ko": "갈비찜", "name_en": "Braised Short Ribs", "color_category": "Brown", "type": "Dish", "desc": "달콤짭짤하게 조린 소갈비"},
  {"id": 12, "name_ko": "잡채", "name_en": "Japchae", "color_category": "Brown", "type": "Dish", "desc": "당면과 야채의 조화"},
  {"id": 13, "name_ko": "떡볶이", "name_en": "Tteokbokki", "color_category": "Red", "type": "Dish", "desc": "매콤달콤한 국민 간식"},
  {"id": 14, "name_ko": "순대", "name_en": "Sundae", "color_category": "Brown", "type": "Dish", "desc": "쫄깃한 한국식 소시지"},
  {"id": 15, "name_ko": "라면", "name_en": "Ramyeon", "color_category": "Red", "type": "Dish", "desc": "한국인의 소울푸드"},
  {"id": 16, "name_ko": "냉면", "name_en": "Cold Noodles", "color_category": "Brown", "type": "Dish", "desc": "시원하고 쫄깃한 면요리"},
  {"id": 17, "name_ko": "칼국수", "name_en": "Knife-cut Noodles", "color_category": "White", "type": "Dish", "desc": "구수한 국물의 수제면"},
  {"id": 18, "name_ko": "잔치국수", "name_en": "Banquet Noodles", "color_category": "White", "type": "Dish", "desc": "맑은 국물의 따뜻한 국수"},
  {"id": 19, "name_ko": "볶음밥", "name_en": "Fried Rice", "color_category": "Yellow", "type": "Dish", "desc": "고소하게 볶은 밥"},
  {"id": 20, "name_ko": "김치볶음밥", "name_en": "Kimchi Fried Rice", "color_category": "Red", "type": "Dish", "desc": "김치의 매력이 담긴 볶음밥"},
  {"id": 21, "name_ko": "짜장면", "name_en": "Jajangmyeon", "color_category": "Black", "type": "Dish", "desc": "달콤한 춘장 소스의 면요리"},
  {"id": 22, "name_ko": "짬뽕", "name_en": "Jjamppong", "color_category": "Red", "type": "Dish", "desc": "얼큰한 해물 국물면"},
  {"id": 23, "name_ko": "탕수육", "name_en": "Sweet and Sour Pork", "color_category": "Orange", "type": "Dish", "desc": "바삭하고 새콤달콤한 튀김"},
  {"id": 24, "name_ko": "마파두부", "name_en": "Mapo Tofu", "color_category": "Red", "type": "Dish", "desc": "얼얼하고 매콤한 두부요리"},
  {"id": 25, "name_ko": "볶음면", "name_en": "Stir-fried Noodles", "color_category": "Brown", "type": "Dish", "desc": "고소하게 볶은 중화면"},
  {"id": 26, "name_ko": "초밥", "name_en": "Sushi", "color_category": "Multi", "type": "Dish", "desc": "신선한 생선의 한입 요리"},
  {"id": 27, "name_ko": "회", "name_en": "Sashimi", "color_category": "Pink", "type": "Dish", "desc": "신선한 생선회"},
  {"id": 28, "name_ko": "우동", "name_en": "Udon", "color_category": "White", "type": "Dish", "desc": "쫄깃한 면과 깊은 국물"},
  {"id": 29, "name_ko": "돈까스", "name_en": "Tonkatsu", "color_category": "Brown", "type": "Dish", "desc": "바삭한 돼지고기 커틀릿"},
  {"id": 30, "name_ko": "라멘", "name_en": "Ramen", "color_category": "Brown", "type": "Dish", "desc": "진한 육수의 일본 라면"},
  {"id": 31, "name_ko": "카레", "name_en": "Curry Rice", "color_category": "Yellow", "type": "Dish", "desc": "향긋하고 진한 카레라이스"},
  {"id": 32, "name_ko": "스테이크", "name_en": "Steak", "color_category": "Brown", "type": "Dish", "desc": "육즙 가득한 구운 고기"},
  {"id": 33, "name_ko": "파스타", "name_en": "Pasta", "color_category": "Multi", "type": "Dish", "desc": "다양한 소스의 이탈리안 면"},
  {"id": 34, "name_ko": "피자", "name_en": "Pizza", "color_category": "Red", "type": "Dish", "desc": "치즈가 듬뿍 올라간 이탈리안"},
  {"id": 35, "name_ko": "햄버거", "name_en": "Hamburger", "color_category": "Brown", "type": "Dish", "desc": "패티와 야채의 조화"},
  {"id": 36, "name_ko": "샐러드", "name_en": "Salad", "color_category": "Green", "type": "Dish", "desc": "신선한 야채 모음"},
  {"id": 37, "name_ko": "스프", "name_en": "Soup", "color_category": "White", "type": "Dish", "desc": "부드러운 크림 수프"},
  {"id": 38, "name_ko": "리조또", "name_en": "Risotto", "color_category": "White", "type": "Dish", "desc": "크리미한 이탈리안 쌀요리"},
  {"id": 39, "name_ko": "오믈렛", "name_en": "Omelette", "color_category": "Yellow", "type": "Dish", "desc": "부드러운 달걀 요리"},
  {"id": 40, "name_ko": "후라이드치킨", "name_en": "Fried Chicken", "color_category": "Brown", "type": "Dish", "desc": "바삭한 튀김 치킨"},
  {"id": 41, "name_ko": "양념치킨", "name_en": "Yangnyeom Chicken", "color_category": "Red", "type": "Dish", "desc": "달콤매콤한 양념 치킨"},
  {"id": 42, "name_ko": "간장치킨", "name_en": "Soy Sauce Chicken", "color_category": "Brown", "type": "Dish", "desc": "짭짤달콤한 간장 치킨"},
  {"id": 43, "name_ko": "치킨너겟", "name_en": "Chicken Nuggets", "color_category": "Brown", "type": "Dish", "desc": "한입 크기의 바삭한 치킨"},
  {"id": 44, "name_ko": "쌀국수", "name_en": "Pho", "color_category": "White", "type": "Dish", "desc": "베트남식 쌀면 요리"},
  {"id": 45, "name_ko": "팟타이", "name_en": "Pad Thai", "color_category": "Brown", "type": "Dish", "desc": "태국식 볶음 쌀국수"},
  {"id": 46, "name_ko": "볶음우동", "name_en": "Stir-fried Udon", "color_category": "Brown", "type": "Dish", "desc": "야채와 함께 볶은 우동"},
  {"id": 47, "name_ko": "오므라이스", "name_en": "Omurice", "color_category": "Yellow", "type": "Dish", "desc": "달걀로 감싼 볶음밥"},
  {"id": 48, "name_ko": "닭갈비", "name_en": "Dak-galbi", "color_category": "Red", "type": "Dish", "desc": "매콤하게 양념한 닭고기 볶음"},
  {"id": 49, "name_ko": "부대찌개", "name_en": "Budae-jjigae", "color_category": "Red", "type": "Dish", "desc": "햄과 라면이 어우러진 찌개"},
  {"id": 50, "name_ko": "감자탕", "name_en": "Gamja-tang", "color_category": "Red", "type": "Dish", "desc": "뼈다귀와 감자의 진한 국물"},
  {"id": 51, "name_ko": "육개장", "name_en": "Yukgaejang", "color_category": "Red", "type": "Dish", "desc": "얼큰하고 시원한 소고기 국"},
  {"id": 52, "name_ko": "해물파전", "name_en": "Seafood Pancake", "color_category": "Brown", "type": "Dish", "desc": "바삭하고 쫄깃한 해물 전"},
  {"id": 53, "name_ko": "김치전", "name_en": "Kimchi Pancake", "color_category": "Red", "type": "Dish", "desc": "고소하고 매콤한 김치 전"},
  {"id": 54, "name_ko": "떡국", "name_en": "Rice Cake Soup", "color_category": "White", "type": "Dish", "desc": "쫄깃한 떡이 들어간 맑은 국"},
  {"id": 55, "name_ko": "만두", "name_en": "Mandu", "color_category": "White", "type": "Dish", "desc": "속이 꽉 찬 한국식 만두"},
  {"id": 56, "name_ko": "튀김", "name_en": "Tempura", "color_category": "Brown", "type": "Dish", "desc": "바삭한 야채 튀김"},
  {"id": 57, "name_ko": "어묵탕", "name_en": "Fish Cake Soup", "color_category": "White", "type": "Dish", "desc": "따뜻한 어묵 국물"},
  {"id": 58, "name_ko": "주먹밥", "name_en": "Rice Ball", "color_category": "White", "type": "Dish", "desc": "간편한 한입 밥"},
  {"id": 59, "name_ko": "닭강정", "name_en": "Sweet Crispy Chicken", "color_category": "Red", "type": "Dish", "desc": "달콤매콤한 닭튀김"},
  {"id": 60, "name_ko": "찜닭", "name_en": "Braised Chicken", "color_category": "Brown", "type": "Dish", "desc": "간장 양념 닭찜"},
  {"id": 61, "name_ko": "족발", "name_en": "Jokbal", "color_category": "Brown", "type": "Dish", "desc": "쫄깃한 돼지 족발"},
  {"id": 62, "name_ko": "보쌈", "name_en": "Bossam", "color_category": "Pink", "type": "Dish", "desc": "삶은 돼지고기와 김치"},
  {"id": 63, "name_ko": "곱창", "name_en": "Gopchang", "color_category": "Brown", "type": "Dish", "desc": "쫄깃한 소 곱창 구이"},
  {"id": 64, "name_ko": "막창", "name_en": "Makchang", "color_category": "Brown", "type": "Dish", "desc": "고소한 돼지 막창 구이"},
  {"id": 65, "name_ko": "소고기국밥", "name_en": "Beef Rice Soup", "color_category": "Red", "type": "Dish", "desc": "진한 소고기 국밥"},
  {"id": 66, "name_ko": "돼지국밥", "name_en": "Pork Rice Soup", "color_category": "White", "type": "Dish", "desc": "담백한 돼지 국밥"},
  {"id": 67, "name_ko": "설렁탕", "name_en": "Seolleongtang", "color_category": "White", "type": "Dish", "desc": "진하고 뽀얀 사골 국물"},
  {"id": 68, "name_ko": "곰탕", "name_en": "Gomtang", "color_category": "White", "type": "Dish", "desc": "깊은 맛의 소뼈 국물"},
  {"id": 69, "name_ko": "해장국", "name_en": "Hangover Soup", "color_category": "Red", "type": "Dish", "desc": "속풀이 해장 국물"},
  {"id": 70, "name_ko": "아이스크림", "name_en": "Ice Cream", "color_category": "Multi", "type": "Dessert", "desc": "달콤하고 시원한 디저트"},
  {"id": 71, "name_ko": "팥빙수", "name_en": "Patbingsu", "color_category": "Red", "type": "Dessert", "desc": "여름 대표 빙수"},
  {"id": 72, "name_ko": "케이크", "name_en": "Cake", "color_category": "White", "type": "Dessert", "desc": "달콤한 생크림 케이크"},
  {"id": 73, "name_ko": "와플", "name_en": "Waffle", "color_category": "Brown", "type": "Dessert", "desc": "바삭하고 달콤한 와플"},
  {"id": 74, "name_ko": "아메리카노", "name_en": "Americano", "color_category": "Brown", "type": "Beverage", "desc": "깔끔한 에스프레소 커피"},
  {"id": 75, "name_ko": "카페라떼", "name_en": "Cafe Latte", "color_category": "Brown", "type": "Beverage", "desc": "우유가 들어간 부드러운 커피"}
]
